note_id,type,title,desc,video_url,time,last_update_time,user_id,nickname,avatar,liked_count,collected_count,comment_count,share_count,ip_location,image_list,tag_list,last_modify_ts,note_url,source_keyword,xsec_token
66909a69000000002500080c,video,假肢如何过安检？大智的动作很丝滑吧～,很多人问价值是怎么过安检的，刚好之前有拍过过机场安检的过程，跟大家分享丝滑取假肢的瞬间哦☺️#假肢[话题]# #假肢女孩[话题]# #假肢如何过安检[话题]#  #分享日常[话题]#,http://sns-video-bd.xhscdn.com/pre_post/1040g0cg3154t0a0khe005nhht2b09bf32ags5bg,1.72075E+12,2024/7/12 2:52,5e31e896000000000100ade3,廖智,https://sns-avatar-qc.xhscdn.com/avatar/62f45e8fc4fd50179a3652df.jpg,28万,1.1万,4391,1297,,http://sns-webpic-qc.xhscdn.com/202412241435/8f4dce12a7ab3f94321f250442768de3/1040g0083154t2vr30u705nhht2b09bf35nvrf0g!nd_dft_wlteh_jpg_3,"假肢,假肢女孩,假肢如何过安检,分享日常",1.73502E+12,https://www.xiaohongshu.com/explore/66909a69000000002500080c?xsec_token=AByESv7ov0RG26AsygRHLudIg8JhLM87qEBCvRMCs1FaA=&xsec_source=pc_search,假肢,AByESv7ov0RG26AsygRHLudIg8JhLM87qEBCvRMCs1FaA=
650bb78b000000001e023e93,video,看我如何杀出重围,,http://sns-video-bd.xhscdn.com/pre_post/1040g0cg30p94c10142004a69fac3n288f57gpg0,1.69527E+12,2023/9/21 3:24,5b23583be8ac2b75820d8908,春游哥哥,https://sns-avatar-qc.xhscdn.com/avatar/627e6629873109c5e94663ca.jpg,18.4万,6654,1680,702,,http://sns-webpic-qc.xhscdn.com/202412241435/b65ac5481509252ef3799e926a7970d1/1040g00830p94cpasjue04a69fac3n2881j7li08!nd_dft_wlteh_jpg_3,,1.73502E+12,https://www.xiaohongshu.com/explore/650bb78b000000001e023e93?xsec_token=ABCjkEZnlEDPRVxWX6y5aa72sOY6oPuNITlYrccMDjdhs=&xsec_source=pc_search,假肢,ABCjkEZnlEDPRVxWX6y5aa72sOY6oPuNITlYrccMDjdhs=
66c5c42a000000001d03ba48,video,为什么不选择截肢了 穿假肢,#回应[话题]# #认真生活才能找到藏起来的糖果[话题]#,http://sns-video-bd.xhscdn.com/pre_post/1040g0cg316oqcae53k005oaih8t0jo40avu0mk0,1.72424E+12,2024/8/21 10:40,61528a3a000000000201e080,聪白甜,https://sns-avatar-qc.xhscdn.com/avatar/660e046d2fa8befe88c91d24.jpg,6.7万,1702,592,53,,http://sns-webpic-qc.xhscdn.com/202412241435/50d6aa53d8b2f03cf9c3312d8cc62938/1040g008316oqe32fgo005oaih8t0jo40recr14g!nd_dft_wlteh_jpg_3,"回应,认真生活才能找到藏起来的糖果",1.73502E+12,https://www.xiaohongshu.com/explore/66c5c42a000000001d03ba48?xsec_token=ABJU2JoaKcxu3hJa75RLzGlV4Jc1W9FG2CdzzQSSDzYys=&xsec_source=pc_search,假肢,ABJU2JoaKcxu3hJa75RLzGlV4Jc1W9FG2CdzzQSSDzYys=
65b706ca000000002d001908,normal,买到了心心念念的假肢,"贵是贵了点但是挺值得的 穿衣服好看多了 不会显得不对称 之前穿长袖总是空空如也 现在不害怕穿修身的衣服了[哭惹R]
#假肢[话题]# #假肢女孩[话题]# #假肢定制[话题]# #义肢[话题]#",,1.70649E+12,2024/1/29 2:00,5a76dbf1e8ac2b2b060b8dd4,你的月月,https://sns-avatar-qc.xhscdn.com/avatar/1040g2jo3142vcjbu2e004a190kdv33ekvgnrlgg,4万,1007,3203,446,,"http://sns-webpic-qc.xhscdn.com/202412241435/1838c423c2ae74e399cb36dfd2346a19/1040g00830ugdqb375c004a190kdv33ekfho19n8!nd_dft_wlteh_jpg_3,http://sns-webpic-qc.xhscdn.com/202412241435/3f0796ee87f7f30c5fd05f7f56b13a42/1040g00830ugdqb375c0g4a190kdv33ekeokkc1o!nd_dft_wlteh_jpg_3,http://sns-webpic-qc.xhscdn.com/202412241435/b03ec1a273cf66ff0ce0e770c7f47bee/1040g00830ugdqb375c104a190kdv33ekrnl0ggg!nd_dft_wlteh_jpg_3","假肢,假肢女孩,假肢定制,义肢",1.73502E+12,https://www.xiaohongshu.com/explore/65b706ca000000002d001908?xsec_token=AB6sATugKuqhrzPNQO2nRUVYGPxmC8sCRPminzNR2_3No=&xsec_source=pc_search,假肢,AB6sATugKuqhrzPNQO2nRUVYGPxmC8sCRPminzNR2_3No=
66f293f7000000001902fc02,video,假肢上线！,,http://sns-video-bd.xhscdn.com/pre_post/1040g0cg3184in9dhjk204a49chfovfluqh6me5g,1.72717E+12,2024/9/24 10:27,5ac4df8f11be100cf0a7bebe,朝和日奈,https://sns-avatar-qc.xhscdn.com/avatar/636cfdcdd68cd7abcef7396e.jpg,3.9万,2942,524,2857,,http://sns-webpic-qc.xhscdn.com/202412241435/2e6fe35d4447187fa7556581ad8785ac/1040g2sg3184ioqjbgs704a49chfovflu2j6i0b0!nd_dft_wlteh_jpg_3,,1.73502E+12,https://www.xiaohongshu.com/explore/66f293f7000000001902fc02?xsec_token=ABxL9MIEfbj2idgFYuqTdu3MHfkb1c87MAa_eUk2udi2E=&xsec_source=pc_search,假肢,ABxL9MIEfbj2idgFYuqTdu3MHfkb1c87MAa_eUk2udi2E=
65ec04bc0000000003036aa2,normal,义乳|直面美好身体的缺陷,"虽然很少有人知道我的真名
但是当最后一幕出现自己的名字的时候还是有被感动到，距离上一次“小杨的义肢”项目已经快两年了，在尤目工作也到了第五个年头，感觉时光飞逝。
做了这么多身体装饰后
最喜欢的是这“一颗胸”
#女性成长[话题]#
#设计分享[话题]# #YVMIN[话题]# #宝藏配饰[话题]# #工作日常[话题]# #身体装饰[话题]#",,1.70997E+12,2024/3/14 1:10,5b91cb8ddf1f9e000135831e,Ggggia,https://sns-avatar-qc.xhscdn.com/avatar/62622758bccf973ee0c1482d.jpg,1.6万,1516,906,1249,,"http://sns-webpic-qc.xhscdn.com/202412241435/9a444604f49542ac47c686e671568941/1040g00831045q9fn661g4aroft5or0ouuk1j33o!nd_dft_wlteh_jpg_3,http://sns-webpic-qc.xhscdn.com/202412241435/5fafc5826de732485dae978553579274/1040g00831045q9fn660g4aroft5or0ouqgekhuo!nd_dft_wlteh_jpg_3,http://sns-webpic-qc.xhscdn.com/202412241435/a700dd7eb67164432c08758344fb7c14/1040g00831045q9fn66104aroft5or0ouc95vncg!nd_dft_wlteh_jpg_3,http://sns-webpic-qc.xhscdn.com/202412241435/ac47e680b49a0b8150d6d5c3ba10015f/1040g00831045q9fn66004aroft5or0ou6d8bucg!nd_dft_wlteh_jpg_3","女性成长,设计分享,YVMIN,宝藏配饰,工作日常,身体装饰",1.73502E+12,https://www.xiaohongshu.com/explore/65ec04bc0000000003036aa2?xsec_token=ABo2qkFo4f0Qweij76AJn62fOOrQUYfqzPEkazzKhtmSk=&xsec_source=pc_search,假肢,ABo2qkFo4f0Qweij76AJn62fOOrQUYfqzPEkazzKhtmSk=
652f8e9a000000001e03ea73,video,光腿神器——放肆穿裙装短裤的好伴侣！,"茉寻光腿神器，拒绝假肢感，超自然，轻松get漫画腿。
感谢 @美洋MEIYANG 的分享~
#光腿神器[话题]#   #光腿神器推荐[话题]#  #光腿神器分享[话题]# #穿搭[话题]# #茉寻[话题]#",http://sns-video-bd.xhscdn.com/spectrum/1040g0jg30qc40ptc0c005nd4b1p086r0301a8m0,1.69762E+12,2024/2/2 2:50,5da458720000000001001b60,茉寻,https://sns-avatar-qc.xhscdn.com/avatar/1040g2jo310bk9svcme005nd4b1p086r0rbln0h8,1.5万,1.1万,332,951,,http://sns-webpic-qc.xhscdn.com/202412241435/56183dc0223e4aba6e03c09dfdc5e567/110/0/01e52f8bc9109c3f0010000000018b41ba1ec6_0.jpg!nd_dft_wlteh_jpg_3,"光腿神器,光腿神器推荐,光腿神器分享,穿搭,茉寻",1.73502E+12,https://www.xiaohongshu.com/explore/652f8e9a000000001e03ea73?xsec_token=ABmHYOluIlUWAv_wLSv3xv22QUbK0HJFS7cltKZtj4zsY=&xsec_source=pc_search,假肢,ABmHYOluIlUWAv_wLSv3xv22QUbK0HJFS7cltKZtj4zsY=
65be23350000000001032aea,video,意外截肢了怎么办,"第一步就是恢复身体，心里重建，需要有一个适应的过程。这个时候一定要放平心态，毕竟不幸已经发生了。
第二步就是对抗幻肢痛了，这个时间长短因人而异，大概一个月左右。
接下来就是装配假肢，适应假肢，大概也需要一个月适应。
最后就是肌肉力量复健了，只要残肢没有问题，不管是大腿截肢还是小腿截肢都可以正常行走的[微笑R]
当然，希望你们永远也用不到这些知识[微笑R]
#假肢[话题]# #康复训练[话题]#",http://sns-video-bd.xhscdn.com/pre_post/1040g2t030unbrlgule005o5jmhf082h9ch6j3eo,1.70696E+12,2024/2/3 11:27,60b3b45e0000000001000a29,降八度的调调,https://sns-avatar-qc.xhscdn.com/avatar/61ed7fcc29b975e6105d63e7.jpg,1.3万,589,430,255,,http://sns-webpic-qc.xhscdn.com/202412241435/0938018fd1880d8716d97bbc6d981a65/1040g2sg30unc1blqlg005o5jmhf082h9ql5tk70!nd_dft_wlteh_jpg_3,"假肢,康复训练",1.73502E+12,https://www.xiaohongshu.com/explore/65be23350000000001032aea?xsec_token=AB1zLNvDtbUQNiNivTU7vNE9EC5sJ14XhPLT0nI0fiii8=&xsec_source=pc_search,假肢,AB1zLNvDtbUQNiNivTU7vNE9EC5sJ14XhPLT0nI0fiii8=
650ac166000000001e0338d3,normal,第一次露假肢出门，发现只有一个大爷看我,"以前只在家里或人少的地方才会露出假肢，今天是第一次裸穿假肢去闹市区，去之前做了很长时间的心理建设，甚至躲在地铁站的卫生间好久才出来，紧张得热了一头汗[汗颜R]，以为会引来很多目光。
	
但是结果让我挺意外的，一路上并没有什么人看我，只是在地铁上有个小孩比较好奇，边问阿姨你的腿为什么这样，边上手摸，被他爸妈制止了。emm……小家伙你可以摸我的“腿”，但别叫阿姨好吗[捂脸R]？算了叫阿姨也可以，但是别摸我的腿好吗[扯脸H]？咱不能一边礼貌一边不礼貌[doge]。
	
除了小孩，就只有中老年人会盯着看了，在武康大楼那么多人，只有一个大爷在看我（我知道大爷没有恶意，只是好奇或心疼[皱眉R]），其他人都忙着拍照打卡。可能因为这是在上海吧，年轻人比较多，都比较有礼貌和边界感，不会不加掩饰地打量一个人（还听到两个帅哥在背后说好帅[哇R]！！），这也是我喜欢上海的原因，感觉更加自由、包容和安全。
	
之前还担心露出假肢太显眼了，就不能放肆地抠鼻挠头葛优瘫了，发现并没有人关注我，太好了，以后可以放心地抠脚了[暗中观察R]。
	
小红书的宝宝们如果在街头碰到我，欢迎找我尬聊哈哈。
	
#假肢女孩[话题]# #街拍[话题]# #上海武康路[话题]# #武康路拍照[话题]##上海外滩[话题]# #外滩万国建筑群[话题]#",,1.6952E+12,2023/9/23 10:41,5a004cc511be1033372b1579,慢动作奶糖,https://sns-avatar-qc.xhscdn.com/avatar/6496ffc3403ec505d32953b5.jpg,1万,284,4225,74,,"http://sns-webpic-qc.xhscdn.com/202412241435/002530b91fe640ff43f64e575bbb5ec4/1040g00830p9mghe33oe049v7mh6ca5bp2dvkqn0!nd_dft_wlteh_jpg_3,http://sns-webpic-qc.xhscdn.com/202412241435/f8d53eee57e5ba923f38c2d05bc9a95c/1040g00830p86b8ll400g49v7mh6ca5bp3g3flt0!nd_dft_wlteh_jpg_3,http://sns-webpic-qc.xhscdn.com/202412241435/ab6c9fc309f7ed222221708e5ec13dc3/1040g00830p86b8ll401049v7mh6ca5bpehkhqh0!nd_dft_wlteh_jpg_3,http://sns-webpic-qc.xhscdn.com/202412241435/85e554ee3184c41ec2a9112bfc00cb64/1040g00830p86b8ll401g49v7mh6ca5bpi3v8nno!nd_dft_wlteh_jpg_3,http://sns-webpic-qc.xhscdn.com/202412241435/e142154c239965f4a455068235d40a79/1040g00830p86b8ll402049v7mh6ca5bpsnnp5no!nd_dft_wlteh_jpg_3,http://sns-webpic-qc.xhscdn.com/202412241435/42f069a459c2bb57d6f2fde6002de5b3/1040g00830p86b8ll402g49v7mh6ca5bppa7sje8!nd_dft_wlteh_jpg_3,http://sns-webpic-qc.xhscdn.com/202412241435/7127f5e031a614cfe939cd1e34e6aba3/1040g00830p86b8ll403049v7mh6ca5bpd04der8!nd_dft_wlteh_jpg_3","假肢女孩,街拍,上海武康路,武康路拍照,上海外滩,外滩万国建筑群",1.73502E+12,https://www.xiaohongshu.com/explore/650ac166000000001e0338d3?xsec_token=ABofwgxTT4Z7KvcMzQogNq60WWD0fWJ9HrqgzSMK4hS_k=&xsec_source=pc_search,假肢,ABofwgxTT4Z7KvcMzQogNq60WWD0fWJ9HrqgzSMK4hS_k=
669f36dd000000002701d307,normal,义肢惊魂,这里绿萍偷偷放义肢吓楚濂，每次看都好爽啊。第一次没有心理准备被吓了一跳还可以理解。可是后来那几次还那么大反应，只能说他做贼心虚了，反正我当时看到这里的时候就觉得他的反应也太夸张了点，又不是真腿🦵，人家绿萍天天要带着它过日子的，只是让你看看你就这个德行了#小红书追剧人[话题]# #影视[话题]# #娱乐[话题]# #重温经典电视剧[话题]# #又见一帘幽梦[话题]# #秦岚[话题]# #绿萍[话题]# #琼瑶剧[话题]#,,1.72171E+12,2024/7/23 4:51,5aebf1a411be107f4d286acf,意味深长又毫无深意的微笑,https://sns-avatar-qc.xhscdn.com/avatar/1040g2jo3143pfi62ho604a51knoq8qmfmodv060,8940,807,1883,2771,,"http://sns-webpic-qc.xhscdn.com/202412241435/26a7ed9787432da877faca15e0bdfdc6/1040g008315itd0bu1a0g4a51knoq8qmfeoept18!nd_dft_wlteh_jpg_3,http://sns-webpic-qc.xhscdn.com/202412241435/5df0974c8c831a52684da9e7555faa64/1040g008315j5m12qhc5g4a51knoq8qmf7pojd40!nd_dft_wlteh_jpg_3,http://sns-webpic-qc.xhscdn.com/202412241435/3c9b776f374ceeed1a8394a5cea35487/1040g008315j5m12qhc504a51knoq8qmf21l4lu8!nd_dft_wlteh_jpg_3,http://sns-webpic-qc.xhscdn.com/202412241435/ffc33bb44691b8de98fc0ae015d0a968/1040g008315j5m12qhc6g4a51knoq8qmf711eqvg!nd_dft_wlteh_jpg_3,http://sns-webpic-qc.xhscdn.com/202412241435/acdfd8394724a0718d09be64fe27c87b/1040g008315j5m12qhc4g4a51knoq8qmftn0smjo!nd_dft_wlteh_jpg_3,http://sns-webpic-qc.xhscdn.com/202412241435/a68f3a517903116fcff5655c57c69151/1040g008315j5m12qhc304a51knoq8qmfld486bg!nd_dft_wlteh_jpg_3,http://sns-webpic-qc.xhscdn.com/202412241435/687a1c2cb1013cb8fce319affe5748de/1040g008315j5m12qhc2g4a51knoq8qmfgqvjcv8!nd_dft_wlteh_jpg_3,http://sns-webpic-qc.xhscdn.com/202412241435/7d041f5a87a96ff5b86ddf7821936845/1040g008315j5m12qhc404a51knoq8qmf5ou4g28!nd_dft_wlteh_jpg_3,http://sns-webpic-qc.xhscdn.com/202412241435/f1c19a1bf4d3c4a9761fe8f4ae771664/1040g008315j5m12qhc3g4a51knoq8qmfjs6c3pg!nd_dft_wlteh_jpg_3,http://sns-webpic-qc.xhscdn.com/202412241435/6996d1ea7ef34891f4b6355a900aeb24/1040g008315j5m12qhc604a51knoq8qmff4a6r2g!nd_dft_wlteh_jpg_3,http://sns-webpic-qc.xhscdn.com/202412241435/9435fbc533eac90b24ac1efe64d986f2/1040g008315j5m12qhc1g4a51knoq8qmfg7npau0!nd_dft_wlteh_jpg_3,http://sns-webpic-qc.xhscdn.com/202412241435/ffb4db5754a06214025412f3421cae46/1040g008315j5m12qhc204a51knoq8qmfr300n7o!nd_dft_wlteh_jpg_3,http://sns-webpic-qc.xhscdn.com/202412241435/69069a57fc57ff3c42ea52705fb33060/1040g008315j5m12qhc104a51knoq8qmfpc7uj1o!nd_dft_wlteh_jpg_3,http://sns-webpic-qc.xhscdn.com/202412241435/0ce33c867d460f085995c62d2e167713/1040g008315j5m12qhc0g4a51knoq8qmfeajqq40!nd_dft_wlteh_jpg_3,http://sns-webpic-qc.xhscdn.com/202412241435/6237e5a709b36b0a9b237eff8dd2f3d4/1040g008315j5m12qhc004a51knoq8qmfng9l670!nd_dft_wlteh_jpg_3,http://sns-webpic-qc.xhscdn.com/202412241435/b5f316eb09b51b8786be1217a7eca21a/1040g2sg315j5m40d2odg4a51knoq8qmftou4fn8!nd_dft_wlteh_jpg_3,http://sns-webpic-qc.xhscdn.com/202412241435/84184d11b8ae587dd19d7544e2b66bcf/1040g2sg315j5m40d2ocg4a51knoq8qmfaufqq50!nd_dft_wlteh_jpg_3,http://sns-webpic-qc.xhscdn.com/202412241435/9fef65ca40288592e8495a9f393d96bd/1040g2sg315j5m40d2oc04a51knoq8qmf107s23g!nd_dft_wlteh_jpg_3","小红书追剧人,影视,娱乐,重温经典电视剧,又见一帘幽梦,秦岚,绿萍,琼瑶剧",1.73502E+12,https://www.xiaohongshu.com/explore/669f36dd000000002701d307?xsec_token=ABxXa6cdb-ZiCMUkxlt_FiCEjmjkkx4XMNsjwW5UmhPhE=&xsec_source=pc_search,假肢,ABxXa6cdb-ZiCMUkxlt_FiCEjmjkkx4XMNsjwW5UmhPhE=
655627a100000000320372e7,video,第一次截肢需要注意什么,#截肢[话题]# #大腿假肢[话题]#,http://sns-video-bd.xhscdn.com/pre_post/1040g0cg30rhqcqp2i2105oj339r41k3p1ps9u60,1.70015E+12,2023/11/16 14:30,62631a76000000001000d079,Y,https://sns-avatar-qc.xhscdn.com/avatar/1040g2jo30rhqifafi8005oj339r41k3p9oeetfg,8148,489,1575,32,,http://sns-webpic-qc.xhscdn.com/202412241435/fd794da2c588baa825a464c941d704d4/1040g00830rhqgvk6i20g5oj339r41k3pu9k6jdo!nd_dft_wlteh_jpg_3,"截肢,大腿假肢",1.73502E+12,https://www.xiaohongshu.com/explore/655627a100000000320372e7?xsec_token=ABf0VwX3sh4cfV2rHiRlttf8o8zdLgOAIZYp8Hsj9j8WA=&xsec_source=pc_search,假肢,ABf0VwX3sh4cfV2rHiRlttf8o8zdLgOAIZYp8Hsj9j8WA=
673875e400000000190149c7,normal,义指义肢,#Partsof4[话题]#,,1.73175E+12,2024/11/16 10:37,5e805efb0000000001004d85,Liunn,https://sns-avatar-qc.xhscdn.com/avatar/5e805efb0000000001004d85.jpg,5947,346,73,142,,"http://sns-webpic-qc.xhscdn.com/202412241435/ef029a8612e8471697e76d717eb7b9bc/1040g2sg31a8qk7e0ng705nk0brtg8jc5got7768!nd_dft_wlteh_jpg_3,http://sns-webpic-qc.xhscdn.com/202412241435/5ff31d7937aaa44fab3ec9cbef650839/1040g2sg31a8qk7e0ng7g5nk0brtg8jc52ilbing!nd_dft_wlteh_jpg_3",Partsof4,1.73502E+12,https://www.xiaohongshu.com/explore/673875e400000000190149c7?xsec_token=ABmDFzNoOsAqEr6DZipeAXxDusCy6i_GgdGGk6D1qBOdc=&xsec_source=pc_search,假肢,ABmDFzNoOsAqEr6DZipeAXxDusCy6i_GgdGGk6D1qBOdc=
667e25bb000000001f0048a9,video,大腿假肢怎么定制？,假肢是定制的，需要根据每个人的残肢进行取模再做定制的接受腔~#生活无局限[话题]# #奥索假肢[话题]#,http://sns-video-bd.xhscdn.com/1040g2so314isb26jls705odhmpk0kr5masb2rag,1.71954E+12,2024/6/28 2:53,61b1b6680000000002026cb6,奥索Ossur,https://sns-avatar-qc.xhscdn.com/avatar/1040g2jo31b7j780q6u005odhmpk0kr5mpr8hjr8,4873,346,198,13,,http://sns-webpic-qc.xhscdn.com/202412241435/605f1b95def805b5ab33310b7497b1c4/1040g2sg314isb26p746g5odhmpk0kr5mkkldj0o!nd_dft_wlteh_jpg_3,"生活无局限,奥索假肢",1.73502E+12,https://www.xiaohongshu.com/explore/667e25bb000000001f0048a9?xsec_token=ABDIbTiFBJtfJSrTYxTaXfvLl7QBAVo7MqHXDhHv7KSaw=&xsec_source=pc_search,假肢,ABDIbTiFBJtfJSrTYxTaXfvLl7QBAVo7MqHXDhHv7KSaw=
67669f1d000000000900e5ad,normal,我还该坚持下去么？,"#坚持下去的意义[话题]# #截肢[话题]# #髋离断[话题]# #大腿截肢[话题]# #手臂截肢[话题]#
不能接受自己，不听劝，一意孤行去配了假肢，期望可以摆脱轮椅，苦练3个月，啪啪打脸。依然穿戴困难，独立站起来也不容易，走起来与其说是走不如说是随机蹭，实用性几乎没有。
是我没练到位，还是得接受这个事实？",,1.73478E+12,2024/12/21 10:57,66a5ea41000000001d021a7f,后悔的熊,https://sns-avatar-qc.xhscdn.com/avatar/645b7e78731e07eb8ca3d81b.jpg,3515,266,1762,125,澳大利亚,http://sns-webpic-qc.xhscdn.com/202412241435/8c6783ac8bdea067efbcb0b84386f3ce/1040g00831blt5babgm005pl5t90nc6jv9pj6kvo!nd_dft_wlteh_jpg_3,"坚持下去的意义,截肢,髋离断,大腿截肢,手臂截肢",1.73502E+12,https://www.xiaohongshu.com/explore/67669f1d000000000900e5ad?xsec_token=AB62kArK-AKHldp7qjDsCZyswzLPqOP4elaGGZ4ehW85Y=&xsec_source=pc_search,假肢,AB62kArK-AKHldp7qjDsCZyswzLPqOP4elaGGZ4ehW85Y=
6474a38c0000000013036b7a,video,解锁运动技能-游泳,呆在水里的感觉好舒服呀！会游泳真是个好技能[得意R]，我是早上去的 避开人群高峰 低调低调#假肢女孩[话题]# #游泳打卡[话题]# #大腿假肢[话题]# #运动[话题]# #女性成长[话题]#,http://sns-video-bd.xhscdn.com/pre_post/1000g0cg2imcheqoii0005n69k4q487cgp4licg0,1.68537E+12,2023/5/29 13:07,5cc9a1340000000011001d90,肢心萌主*,https://sns-avatar-qc.xhscdn.com/avatar/62b8389c5b51e3cae4a48a7f.jpg,3275,180,257,91,,http://sns-webpic-qc.xhscdn.com/202412241435/42cd781fc5aa66e4169879536a371ef8/1000g0082imcqm7aj40005n69k4q487cgk92a250!nd_dft_wlteh_jpg_3,"假肢女孩,游泳打卡,大腿假肢,运动,女性成长",1.73502E+12,https://www.xiaohongshu.com/explore/6474a38c0000000013036b7a?xsec_token=ABOThcsPwQNsaMJw9lgnsQMiZI2F-MtIaABd-1KX9EZDQ=&xsec_source=pc_search,假肢,ABOThcsPwQNsaMJw9lgnsQMiZI2F-MtIaABd-1KX9EZDQ=
65afc825000000000c00775b,normal,以为网友说的钟楚曦是残疾演员是段子，直到,"前几天看到网友发帖说 她妈妈以为《如果奔跑是我的人生》里的钟楚曦是专门找的残疾人演员[笑哭R][笑哭R] 我还以为是编的段子 直到今天跟我妈一起看电视 钟楚曦正在剧里穿着长裤跳舞 但！作为钟来说肯定是正常的行走跳舞嘛 我妈就跟我说：“你看人家这演员腿是假的 跳舞跳的多好～ ”我说：“因为她现在肯定是自己的腿在跳 肯定好啊”
	
我妈还很自信的反驳我说人家就是戴假肢的演员！
我立刻就想到这个段子 我就笑了 哈哈哈哈
我说 妈呀 人家是正常的女演员 演过冯小刚的电影～ 那个是特效！[笑哭R][笑哭R][笑哭R]  我妈一脸的不可置信 还以为我在骗她[失望R] 跟她解释好久 还看了钟楚曦的生活照 我妈才信了[笑哭R][笑哭R]#女演员[话题]# #钟楚曦[话题]# #如果奔跑是我的人生[话题]# #电视剧[话题]# #杨超越[话题]# #好剧推荐[话题]#",,1.70602E+12,2024/1/23 14:08,6468e3c8000000001f031007,梨花牛奶泡馍,https://sns-avatar-qc.xhscdn.com/avatar/1040g2jo3151e08q9he0g5p38sf47u407msg1h60,2839,158,392,28,,http://sns-webpic-qc.xhscdn.com/202412241435/944304ae44bc3e50815a85cd78a82e41/1040g00830u9bdkjjl47g5p38sf47u40775g4ilo!nd_dft_wlteh_jpg_3,"女演员,钟楚曦,如果奔跑是我的人生,电视剧,杨超越,好剧推荐",1.73502E+12,https://www.xiaohongshu.com/explore/65afc825000000000c00775b?xsec_token=ABvp3huhZMVqjj1wwrW9cWplmBQM0kxbLwwZjaP5lX5iI=&xsec_source=pc_search,假肢,ABvp3huhZMVqjj1wwrW9cWplmBQM0kxbLwwZjaP5lX5iI=
63350dd3000000001d010faf,video,给手串按个假肢,,http://sns-video-bd.xhscdn.com/pre_post/03029t01knaidsf1tkq1e0o3p0j04084vg,1.66442E+12,2022/9/29 3:15,5fcdd083000000000101fafa,沈阳派派珠宝饰品有限公司,https://sns-avatar-qc.xhscdn.com/avatar/1040g2jo3192864jrl6005nudq21gbunqa37am5g,2333,2311,36,82,,http://sns-webpic-qc.xhscdn.com/202412241435/e3b1b248f7591e61b766bab49a316e66/03029t01knaidsf1tkq010o4ew502p777v!nd_dft_wlteh_jpg_3,,1.73502E+12,https://www.xiaohongshu.com/explore/63350dd3000000001d010faf?xsec_token=AB2GpW_-GLSe2zWKkc1DdutQ2o2sPyLmTO9sJNF_bafcY=&xsec_source=pc_search,假肢,AB2GpW_-GLSe2zWKkc1DdutQ2o2sPyLmTO9sJNF_bafcY=
64a3f7d20000000023034a8f,normal,把浪漫和美好注入身体新部分,"曾在不同首饰类别上产出过精美设计的 YVMIN 这次把天赋带到了一个美学方面被严重忽略的领域：假肢。
	
这是一段 YVMIN 与成都女孩之间美好动人的故事，当一件功能性珠宝作品成为美好活泼的女孩身体一部分，这件作品的意义早已穿越艺术本身。
	
#假肢[话题]# #义肢[话题]# #art[话题]# #珠宝[话题]# #定制[话题]#",,1.68847E+12,2023/7/4 10:43,5ccefc9300000000160313be,i-D China,https://sns-avatar-qc.xhscdn.com/avatar/5fe1769db14b850001689477.jpg,2064,193,176,50,,"http://sns-webpic-qc.xhscdn.com/202412241435/b00e10e5fed0a2dfaefe92515bbe9fae/1000g0082of8vdj6ju0005n6evi9lm4tul2dkhuo!nd_dft_wlteh_jpg_3,http://sns-webpic-qc.xhscdn.com/202412241435/351ee2e1d73368dde7ed401462048e84/1000g0082of8vdj6ju00g5n6evi9lm4tuiquh3oo!nd_dft_wlteh_jpg_3,http://sns-webpic-qc.xhscdn.com/202412241435/efbe35228cd9b44f8e49f94709a9be8d/1000g0082of8vdj6ju0105n6evi9lm4tujkh6brg!nd_dft_wlteh_jpg_3,http://sns-webpic-qc.xhscdn.com/202412241435/8b3baa12575335a35d7e2273e9ebbda1/1000g0082of8vdj6ju01g5n6evi9lm4tu3dj2t68!nd_dft_wlteh_jpg_3,http://sns-webpic-qc.xhscdn.com/202412241435/9d6adce48c7ea59155e875b92a9cc02c/1000g0082of8vdj6ju0205n6evi9lm4tuaemp92o!nd_dft_wlteh_jpg_3,http://sns-webpic-qc.xhscdn.com/202412241435/7bd54cb85ee8219a2d1483502b19a575/1000g0082of8vdj6ju02g5n6evi9lm4tuv5ka8d0!nd_dft_wlteh_jpg_3,http://sns-webpic-qc.xhscdn.com/202412241435/9c10fa8381219452ef7bc01fedf39b9e/1000g0082of8vdj6ju0305n6evi9lm4tuqtet940!nd_dft_wlteh_jpg_3","假肢,义肢,art,珠宝,定制",1.73502E+12,https://www.xiaohongshu.com/explore/64a3f7d20000000023034a8f?xsec_token=ABqVL4oonv-n71FDKTPMtQgNicFd97YwgWz3NE7clVFVQ=&xsec_source=pc_search,假肢,ABqVL4oonv-n71FDKTPMtQgNicFd97YwgWz3NE7clVFVQ=
668b8418000000000a026c1a,normal,把生活过成想要的样子,#水瓶座女孩[话题]# #义肢女孩[话题]# #拍摄日常[话题]# #野餐拍照[话题]#,,1.72042E+12,2024/7/8 6:16,5d343de50000000011016172,小小漩儿,https://sns-avatar-qc.xhscdn.com/avatar/1040g2jo3168nunte1a005n9k7nikaobibqtb4q0,1957,210,218,176,,"http://sns-webpic-qc.xhscdn.com/202412241435/52a25059b7de2d9bd2ccd3bf0858de49/1040g2sg314vu2j181c805n9k7nikaobi4ommt6g!nd_dft_wlteh_jpg_3,http://sns-webpic-qc.xhscdn.com/202412241435/ebb5538e057e1b7d60cf7cabcf2c97ac/1040g2sg314vu2j181c6g5n9k7nikaobi0p7d8lo!nd_dft_wlteh_jpg_3,http://sns-webpic-qc.xhscdn.com/202412241435/9d84523e611096d6e4b3f4fccc0ca2cf/1040g2sg314vu2j181c705n9k7nikaobib3strs8!nd_dft_wlteh_jpg_3,http://sns-webpic-qc.xhscdn.com/202412241435/d8bb655fb3de119ac148cc3dc300ae6d/1040g2sg314vu2j181c7g5n9k7nikaobid66jkug!nd_dft_wlteh_jpg_3,http://sns-webpic-qc.xhscdn.com/202412241435/78bf782f06b3a012bf04839611610979/1040g2sg314vu2j181c8g5n9k7nikaobi5vmu930!nd_dft_wlteh_jpg_3,http://sns-webpic-qc.xhscdn.com/202412241435/dc343e8405399f16ce23f50cf8f7fe2c/1040g2sg314vu2j181c905n9k7nikaobim9hacco!nd_dft_wlteh_jpg_3,http://sns-webpic-qc.xhscdn.com/202412241435/6545647b4b7ce335a333c87c4f8301ef/1040g2sg314vu2j181c9g5n9k7nikaobim0305no!nd_dft_wlteh_jpg_3","水瓶座女孩,义肢女孩,拍摄日常,野餐拍照",1.73502E+12,https://www.xiaohongshu.com/explore/668b8418000000000a026c1a?xsec_token=ABIkqGH2g-FG1f_3NVGo6TMiyyAKi7SC3otuFCOzlyS7g=&xsec_source=pc_search,假肢,ABIkqGH2g-FG1f_3NVGo6TMiyyAKi7SC3otuFCOzlyS7g=
66bf01950000000005031567,normal,关于我穿假肢的朋友推轮椅带我去看骨科,"租我们轮椅的小哥特意叮嘱让我朋友慢点，我朋友说她也没想过有一天会给别人推轮椅。
#轮椅[话题]##搞笑的日常[话题]##地狱笑话[话题]##离谱[话题]# #好人一生平安[话题]##黑色幽默[话题]#",,1.72379E+12,2024/8/16 7:38,5afd800df7e8b930ac4bc727,QIJINGWEN,https://sns-avatar-qc.xhscdn.com/avatar/1040g2jo31amn0c4o7e004a5dpt00rhp70216l6o,1911,104,84,93,,"http://sns-webpic-qc.xhscdn.com/202412241435/9439b806fcd0c11d3b2e30fc5b0659dd/1040g008316i75vn1ha004a5dpt00rhp74vgc4qg!nd_dft_wlteh_jpg_3,http://sns-webpic-qc.xhscdn.com/202412241435/eae583d8b896bef08099cb5134049606/1040g008316i75vn1ha0g4a5dpt00rhp7kj20g5g!nd_dft_wgth_jpg_3,http://sns-webpic-qc.xhscdn.com/202412241435/a703b85201f059cabd6d0259c9276be4/1040g008316i75vn1ha104a5dpt00rhp7j9fqn6g!nd_dft_wlteh_jpg_3","轮椅,搞笑的日常,地狱笑话,离谱,好人一生平安,黑色幽默",1.73502E+12,https://www.xiaohongshu.com/explore/66bf01950000000005031567?xsec_token=ABPdJls2aS2sSuxQ6LrI1H0MDoXPDMw5me989Hi9Dn7i0=&xsec_source=pc_search,假肢,ABPdJls2aS2sSuxQ6LrI1H0MDoXPDMw5me989Hi9Dn7i0=
